plotType,SpeciesObserved,chao,chao.se,jack1,jack1.se,jack2,boot,boot.se,n
SurveyPlots,343,516.3946,39.15056,483.6557,21.60728,566.8038,404.4403,10.54889,61
PermanentPlot,43,65.37603,13.79745,61.84298,4.322875,72.72672,51.39211,2.194646,121
