,meanBC,stdDevBC,n
0,0.8202427173225738,0.11379476876148294,215
1,0.8803880579382168,0.08904312197078389,630
2,0.8718442882110651,0.08527085562734951,559
3,0.8910368558226932,0.07944753342711472,346
4,0.881123053179186,0.09557777740894914,80
