"","Species","chao","chao.se","jack1","jack1.se","jack2","boot","boot.se","n"
"All",343,516.394573205201,39.1505596206379,483.655737704918,21.6072787759865,566.803825136612,404.440269104456,10.5488866813682,61
