"","richness","sd"
"1",25.8333333333333,4.35571144845732
"2",46.121212121212,5.41183806104264
"3",62.8454545454545,6.04937823341445
"4",77.1232323232323,6.43409078280816
"5",89.64898989899,6.56147000346683
"6",100.880952380952,6.46318674873378
"7",111.127525252525,6.15676615154595
"8",120.59797979798,5.6538220725043
"9",129.436363636364,4.9650695347495
"10",137.742424242424,4.04422393189731
"11",145.583333333333,2.72208049517685
"12",153,0
