"","Species","chao","chao.se","jack1","jack1.se","jack2","boot","boot.se","n"
"All",153,282.659226190476,38.5440550398992,234.583333333333,26.0726815311011,287.537878787879,187.862344713548,11.5971113910517,12
