"","richness","sd"
"1",24.1666666666667,3.97562014729219
"2",42.8484848484847,4.90415051998823
"3",58.0272727272727,5.48906234819142
"4",70.820202020202,5.86639035823669
"5",81.9217171717172,6.0180864691476
"6",91.7900432900433,5.96562465067972
"7",100.733585858586,5.71956571682132
"8",108.961616161616,5.28966413924919
"9",116.618181818182,4.68127670398804
"10",123.80303030303,3.83994084737239
"11",130.583333333333,2.66014828325206
"12",137,0
