"","richness","sd"
"1",27.5,3.01385688667085
"2",48.9696969696969,3.66206530499156
"3",66.2999999999999,3.91449674423589
"4",80.7434343434343,3.96757700736667
"5",93.1161616161617,3.8966782626002
"6",103.949134199134,3.74453288375943
"7",113.59595959596,3.52492932247711
"8",122.30505050505,3.24293365609698
"9",130.263636363636,2.90018066709239
"10",137.621212121212,2.46253543076327
"11",144.5,1.89296944860009
"12",151,0
