"","richness","sd"
"1",25.9166666666667,2.05986784905138
"2",45.9545454545454,2.41779517004241
"3",61.9818181818181,2.59253006156171
"4",75.230303030303,2.69654753139549
"5",86.4974747474748,2.74910170000969
"6",96.2976190476191,2.75589460292479
"7",104.969696969697,2.71327828881396
"8",112.749494949495,2.60315910489586
"9",119.813636363636,2.42880449750797
"10",126.30303030303,2.16217950927544
"11",132.333333333333,1.69967317119759
"12",138,0
