"","Species","chao","chao.se","jack1","jack1.se","jack2","boot","boot.se","n"
"All",151,262.54,35.3156574906938,222.5,22.3205809362869,268.560606060606,182.048830477151,10.0070048814403,12
