"","Species","chao","chao.se","jack1","jack1.se","jack2","boot","boot.se","n"
"All",146,287.973333333333,43.179065215552,226.666666666667,26.8193545369343,281.060606060606,180.245655407309,11.5392006735074,12
