"","richness","sd"
"1",22.3333333333333,3.70435179514881
"2",40.2424242424241,4.56975873923838
"3",55.1999999999999,4.96645483252437
"4",68.0828282828283,5.14030445121302
"5",79.4267676767677,5.19056221436282
"6",89.5811688311688,5.15003481451223
"7",98.7941919191919,5.03747057818793
"8",107.254545454545,4.83149640390245
"9",115.109090909091,4.47491761242701
"10",122.469696969697,3.95458602288354
"11",129.416666666667,3.04023939115912
"12",136,0
