"","richness","sd"
"1",23.25,3.74444032311016
"2",42.0606060606059,4.69073557370694
"3",57.9045454545454,5.200703602759
"4",71.6585858585858,5.50102158980681
"5",83.8585858585859,5.67125272586661
"6",94.8538961038961,5.73182750871709
"7",104.892676767677,5.68567157603275
"8",114.163636363636,5.5098988969792
"9",122.813636363636,5.14361058858875
"10",130.954545454545,4.54432407544467
"11",138.666666666667,3.4960294939005
"12",146,0
