"","Species","chao","chao.se","jack1","jack1.se","jack2","boot","boot.se","n"
"All",43,65.3760330578512,13.7974508158739,61.8429752066116,4.32287498532959,72.7267217630854,51.3921058118762,2.19464564619883,121
