,Species,chao,chao.se,jack1,jack1.se,jack2,boot,boot.se,n
All,343,516.3946,39.15056,483.6557,21.60728,566.8038,404.4403,10.54889,61
