"","Species","chao","chao.se","jack1","jack1.se","jack2","boot","boot.se","n"
"All",52,103.041666666667,25.2637514503622,78.25,15.4979837398289,92.75,63.6484375,6.93450368148967,4
