"","richness","sd"
"1",20.5,3.20156211871642
"2",33,3.21975513913957
"3",43.25,2.38484800354236
"4",52,0
