"","Species","chao","chao.se","jack1","jack1.se","jack2","boot","boot.se","n"
"All",186,302.883116883117,33.735114167651,271.714285714286,22.1190348044455,324.778571428571,223.572906814044,10.9013249892417,21
