Habitat/Land-use,species observed, chao,chao.se,jack1,jack1.se,jack2,boot,boot.se,n
BC,153,282.6592,38.54406,234.5833,26.07268,287.5379,187.8623,11.59711,12
BS,151,262.54,35.31566,222.5,22.32058,268.5606,182.0488,10.007,12
CLB,146,287.9733,43.17907,226.6667,26.81935,281.0606,180.2457,11.5392,12
RCA,52,103.0417,25.26375,78.25,15.49798,92.75,63.64844,6.934504,4
RG,186,302.8831,33.73511,271.7143,22.11903,324.7786,223.5729,10.90132,21
